{
  "train_date": "2026-01-31T07:22:17.190613",
  "model_type": "LogisticRegression",
  "threshold": 0.9,
  "metrics": {
    "pr_auc": 0.7210020753533308,
    "roc_auc": 0.9792145896053793,
    "precision": 0.2733333333333333,
    "recall": 0.7884615384615384,
    "f1": 0.4059402117443068,
    "expected_loss": 659.0,
    "recall_at_fpr": 0.8076923076923077
  },
  "config": {
    "cost_fp": 1.0,
    "cost_fn": 50.0,
    "target_fpr": 0.01
  }
}